"","Modnames","AIC","Delta_AIC"
"1","Adjusted",29491.3846923934,0
"2","Unadjusted",29504.9462388508,13.5615464574876
